{
    "accuracy": 0.9235191109406036,
    "precision": 0.9083610993090185,
    "recall": 0.9512446432334964,
    "f1": 0.9293084120701883,
    "roc_auc": 0.976028255080971,
    "f1-score": 0.9293084120701883,
    "support": 85406.0
}